From	To
A0A075B6H9	IGLV4-69
A0A0B4J1V0	IGHV3-15
A0A0B4J237	TRAV8-2
A0A1B0GTH6	CSNK2A2IP
A0A1B0GUA6	CCDC195
A0A1B0GUU1	C17orf113
A0A1B0GUW6	SPEM3
A0AVF1	IFT56
A0AVT1	UBA6
A0M8Q6	IGLC7
A0PJX4	SHISA3
A1A4G5	LNP1
A1A4S6	ARHGAP10
A1L157	TSPAN11
A1L4H1	SSC5D
A2A2Z9	ANKRD18B
A2RTX5	TARS3
A2RUC4	TYW5
A2RUS2	DENND3
A3KMH1	VWA8
A4UGR9	XIRP2
A5PKW4	PSD
A6H8Y1	BDP1
A6NC57	ANKRD62
A6NCI4	VWA3A
A6NCI8	C2orf78
A6NCS4	NKX2-6
A6ND91	ASPDH
A6NDB9	PALM3
A6NDX5	ZNF840P
A6NEE1	PLEKHD1
A6NEL2	SOWAHB
A6NFD8	HELT
A6NGA9	TMEM202
A6NGG8	PCARE
A6NHQ2	FBLL1
A6NHZ5	LRRC14B
A6NI72	NCF1B
A6NI86	GOLGA6L10
A6NIM6	SLC15A5
A6NKB5	PCNX2
A6NKU9	SPDYE3
A6NLJ0	C2CD4B
A6NM03	OR2AG2
A6NM28	ZFP92
A6PVS8	LRRIQ3
A7E2Y1	MYH7B
A7MBM2	DISP2
A8K979	ERI2
A8MQ27	NEURL1B
A8MT33	SYCE1L
A8MT70	ZBBX
A8MUZ8	ZNF705G
A8MV23	SERPINE3
A8MVZ5	BTNL10P
A8MWX3	WASH4P
A8MXZ1	FAM90A23
A8TX70	COL6A5
B0I1T2	MYO1G
B2RTY4	MYO9A
B6SEH9	ERVV-2
B7Z1M9	C2CD4D
B7Z6K7	ZNF814
C9J069	AJM1
C9J3I9	C5orf58
D6REC4	CFAP99
D6RIA3	C4orf54
E9PAV3	NACA
G3V211	LINC01619
H0YM25	GOLGA6L22
H3BU77	CCDC179
H7BZ55	CROCC2
H7C350	CCDC188
I3L0S3	PYCARD-AS1
I6L899	GOLGA8R
O00115	DNASE2
O00154	ACOT7
O00159	MYO1C
O00161	SNAP23
O00182	LGALS9
O00192	ARVCF
O00193	SMAP
O00204	SULT2B1
O00212	RHOD
O00231	PSMD11
O00237	RNF103
O00244	ATOX1
O00264	PGRMC1
O00299	CLIC1
O00308	WWP2
O00337	SLC28A1
O00339	MATN2
O00391	QSOX1
O00410	IPO5
O00421	CCRL2
O00422	SAP18
O00425	IGF2BP3
O00444	PLK4
O00451	GFRA2
O00471	EXOC5
O00487	PSMD14
O00505	KPNA3
O00507	USP9Y
O00515	LAD1
O00522	KRIT1
O00533	CHL1
O00567	NOP56
O00571	DDX3X
O00629	KPNA4
O00635	TRIM38
O00743	PPP6C
O00754	MAN2B1
O00763	ACACB
O00764	PDXK
O00767	SCD
O14511	NRG2
O14514	ADGRB1
O14531	DPYSL4
O14545	TRAFD1
O14559	ARHGAP33
O14561	NDUFAB1
O14579	COPE
O14598	VCY
O14598	VCY1B
O14602	EIF1AY
O14607	UTY
O14647	CHD2
O14654	IRS4
O14686	KMT2D
O14730	RIOK3
O14737	PDCD5
O14745	NHERF1
O14773	TPP1
O14802	POLR3A
O14818	PSMA7
O14880	MGST3
O14893	GEMIN2
O14929	HAT1
O14974	PPP1R12A
O14975	SLC27A2
O14976	GAK
O14979	HNRNPDL
O14980	XPO1
O15015	ZNF646
O15016	TRIM66
O15018	PDZD2
O15021	MAST4
O15027	SEC16A
O15049	N4BP3
O15050	TRANK1
O15061	SYNM
O15063	GARRE1
O15066	KIF3B
O15067	PFAS
O15069	NACAD
O15078	CEP290
O15085	ARHGEF11
O15127	SCAMP2
O15143	ARPC1B
O15144	ARPC2
O15145	ARPC3
O15146	MUSK
O15151	MDM4
O15169	AXIN1
O15182	CETN3
O15212	PFDN6
O15226	NKRF
O15230	LAMA5
O15258	RER1
O15265	ATXN7
O15297	PPM1D
O15327	INPP4B
O15347	HMGB3
O15350	TP73
O15355	PPM1G
O15357	INPPL1
O15371	EIF3D
O15372	EIF3H
O15400	STX7
O15417	TNRC18
O15427	SLC16A3
O15440	ABCC5
O15480	MAGEB3
O15488	GYG2
O15511	ARPC5
O15519	CFLAR
O15539	RGS5
O42043	ERVK-18
O43143	DHX15
O43149	ZZEF1
O43150	ASAP2
O43172	PRPF4
O43175	PHGDH
O43184	ADAM12
O43193	MLNR
O43196	MSH5
O43242	PSMD3
O43248	HOXC11
O43290	SART1
O43299	AP5Z1
O43309	ZSCAN12
O43313	ATMIN
O43320	FGF16
O43361	ZNF749
O43379	WDR62
O43390	HNRNPR
O43396	TXNL1
O43399	TPD52L2
O43424	GRID2
O43447	PPIH
O43516	WIPF1
O43520	ATP8B1
O43602	DCX
O43615	TIMM44
O43617	TRAPPC3
O43639	NCK2
O43663	PRC1
O43670	ZNF207
O43681	GET3
O43683	BUB1
O43684	BUB3
O43707	ACTN4
O43747	AP1G1
O43776	NARS1
O43781	DYRK3
O43809	NUDT21
O43825	B3GALT2
O43852	CALU
O43865	AHCYL1
O43868	SLC28A2
O43869	OR2T1
O43903	GAS2
O43913	ORC5
O43914	TYROBP
O43933	PEX1
O60218	AKR1B10
O60220	TIMM8A
O60229	KALRN
O60231	DHX16
O60234	GMFG
O60242	ADGRB3
O60248	SOX15
O60271	SPAG9
O60279	SUSD5
O60281	ZNF292
O60282	KIF5C
O60285	NUAK1
O60287	URB1
O60293	ZFC3H1
O60343	TBC1D4
O60346	PHLPP1
O60422	ONECUT3
O60437	PPL
O60469	DSCAM
O60488	ACSL4
O60493	SNX3
O60496	DOK2
O60500	NPHS1
O60506	SYNCRIP
O60513	B4GALT4
O60522	TDRD6
O60547	GMDS
O60603	TLR2
O60664	PLIN3
O60667	FCMR
O60711	LPXN
O60716	CTNND1
O60732	MAGEC1
O60749	SNX2
O60763	USO1
O60828	PQBP1
O60840	CACNA1F
O60841	EIF5B
O60869	EDF1
O60870	KIN
O60884	DNAJA2
O60888	CUTA
O60925	PFDN1
O60930	RNASEH1
O75015	FCGR3B
O75037	KIF21B
O75038	PLCH2
O75044	SRGAP2
O75051	PLXNA2
O75083	WDR1
O75096	LRP4
O75121	MFAP3L
O75131	CPNE3
O75132	ZBED4
O75144	ICOSLG
O75150	RNF40
O75185	ATP2C2
O75223	GGCT
O75330	HMMR
O75339	CILP
O75343	GUCY1B2
O75347	TBCA
O75367	MACROH2A1
O75368	SH3BGRL
O75369	FLNB
O75376	NCOR1
O75390	CS
O75396	SEC22B
O75400	PRPF40A
O75414	NME6
O75417	POLQ
O75443	TECTA
O75444	MAF
O75445	USH2A
O75452	RDH16
O75478	TADA2A
O75494	SRSF10
O75531	BANF1
O75533	SF3B1
O75534	CSDE1
O75581	LRP6
O75592	MYCBP2
O75608	LYPLA1
O75626	PRDM1
O75643	SNRNP200
O75648	TRMU
O75674	TOM1L1
O75676	RPS6KA4
O75689	ADAP1
O75691	UTP20
O75716	STK16
O75717	WDHD1
O75718	CRTAP
O75752	B3GALNT1
O75762	TRPA1
O75821	EIF3G
O75822	EIF3J
O75874	IDH1
O75886	STAM2
O75891	ALDH1L1
O75897	SULT1C4
O75915	ARL6IP5
O75928	PIAS2
O75937	DNAJC8
O75940	SMNDC1
O75947	ATP5PD
O75964	ATP5MG
O75969	AKAP3
O75976	CPD
O76021	RSL1D1
O76024	WFS1
O76083	PDE9A
O76090	BEST1
O76096	CST7
O94762	RECQL5
O94776	MTA2
O94804	STK10
O94812	BAIAP3
O94827	PLEKHG5
O94880	PHF14
O94886	TMEM63A
O94900	TOX
O94921	CDK14
O94933	SLITRK3
O94964	MTCL2
O94972	TRIM37
O94991	SLITRK5
O95049	TJP3
O95140	MFN2
O95153	TSPOAP1
O95155	UBE4B
O95163	ELP1
O95180	CACNA1H
O95182	NDUFA7
O95202	LETM1
O95206	PCDH8
O95218	ZRANB2
O95292	VAPB
O95336	PGLS
O95347	SMC2
O95363	FARS2
O95372	LYPLA2
O95382	MAP3K6
O95389	CCN6
O95390	GDF11
O95399	UTS2
O95425	SVIL
O95433	AHSA1
O95447	LCA5L
O95456	PSMG1
O95466	FMNL1
O95497	VNN1
O95571	ETHE1
O95622	ADCY5
O95661	DIRAS3
O95696	BRD1
O95714	HERC2
O95777	LSM8
O95780	ZNF682
O95785	WIZ
O95786	RIGI
O95789	ZMYM6
O95793	STAU1
O95801	TTC4
O95803	NDST3
O95831	AIFM1
O95881	TXNDC12
O95886	DLGAP3
O95936	EOMES
O95967	EFEMP2
O95996	APC2
O96009	NAPSA
O96011	PEX11B
P00338	LDHA
P00367	GLUD1
P00374	DHFR
P00390	GSR
P00403	MT-CO2
P00441	SOD1
P00491	PNP
P00492	HPRT1
P00505	GOT2
P00558	PGK1
P01019	AGT
P01024	C3
P01031	C5
P01040	CSTA
P01116	KRAS
P01130	LDLR
P01563	IFNA2
P01583	IL1A
P01903	HLA-DRA
P01906	HLA-DQA2
P02462	COL4A1
P02545	LMNA
P02549	SPTA1
P02675	FGB
P02745	C1QA
P02768	ALB
P02771	AFP
P02788	LTF
P02792	FTL
P03915	MT-ND5
P03956	MMP1
P04040	CAT
P04075	ALDOA
P04080	CSTB
P04083	ANXA1
P04114	APOB
P04179	SOD2
P04264	KRT1
P04275	VWF
P04406	GAPDH
P04632	CAPNS1
P04637	TP53
P04792	HSPB1
P04843	RPN1
P04844	RPN2
P04899	GNAI2
P05023	ATP1A1
P05107	ITGB2
P05109	S100A8
P05114	HMGN1
P05120	SERPINB2
P05129	PRKCG
P05141	SLC25A5
P05161	ISG15
P05177	CYP1A2
P05198	EIF2S1
P05204	HMGN2
P05387	RPLP2
P05388	RPLP0
P05423	POLR3D
P05455	SSB
P05556	ITGB1
P05976	MYL1
P05997	COL5A2
P06396	GSN
P06454	PTMA
P06493	CDK1
P06576	ATP5F1B
P06702	S100A9
P06703	S100A6
P06733	ENO1
P06734	FCER2
P06737	PYGL
P06744	GPI
P06748	NPM1
P06753	TPM3
P06756	ITGAV
P06865	HEXA
P07099	EPHX1
P07101	TH
P07108	DBI
P07195	LDHB
P07203	GPX1
P07237	P4HB
P07305	H1-0
P07339	CTSD
P07355	ANXA2
P07358	C8B
P07384	CAPN1
P07437	TUBB
P07585	DCN
P07686	HEXB
P07737	PFN1
P07741	APRT
P07814	EPRS1
P07858	CTSB
P07900	HSP90AA1
P07910	HNRNPC
P07954	FH
P07996	THBS1
P08069	IGF1R
P08133	ANXA6
P08134	RHOC
P08195	SLC3A2
P08237	PFKM
P08238	HSP90AB1
P08246	ELANE
P08253	MMP2
P08254	MMP3
P08311	CTSG
P08559	PDHA1
P08567	PLEK
P08574	CYC1
P08579	SNRPB2
P08621	SNRNP70
P08631	HCK
P08670	VIM
P08708	RPS17
P08758	ANXA5
P08865	RPSA
P08922	ROS1
P08F94	PKHD1
P09012	SNRPA
P09016	HOXD4
P09086	POU2F2
P09110	ACAA1
P09211	GSTP1
P09234	SNRPC
P09327	VIL1
P09382	LGALS1
P09417	QDPR
P09429	HMGB1
P09496	CLTA
P09525	ANXA4
P09619	PDGFRB
P09622	DLD
P09651	HNRNPA1
P09661	SNRPA1
P09669	COX6C
P09871	C1S
P09874	PARP1
P09972	ALDOC
P0C221	CCDC175
P0C2S0	CTXN2
P0C629	OR10J4
P0C7H9	USP17L7
P0C7P4	UQCRFS1P1
P0C881	RSPH10B
P0CB47	UBTFL1
P0CJ79	ZNF888
P0DMV9	HSPA1B
P0DO97	CCDC192
P0DP25	CALM3
P0DP72	VSIG10L2
P0DPI2	GATD3
P10242	MYB
P10275	AR
P10323	ACR
P10398	ARAF
P10412	H1-4
P10451	SPP1
P10515	DLAT
P10523	SAG
P10599	TXN
P10606	COX5B
P10644	PRKAR1A
P10721	KIT
P10768	ESD
P10809	HSPD1
P10915	HAPLN1
P11021	HSPA5
P11142	HSPA8
P11169	SLC2A3
P11171	EPB41
P11177	PDHB
P11233	RALA
P11234	RALB
P11279	LAMP1
P11310	ACADM
P11387	TOP1
P11413	G6PD
P11441	UBL4A
P11532	DMD
P11586	MTHFD1
P11717	IGF2R
P11766	ADH5
P11940	PABPC1
P12004	PCNA
P12109	COL6A1
P12110	COL6A2
P12111	COL6A3
P12236	SLC25A6
P12268	IMPDH2
P12757	SKIL
P12814	ACTN1
P12955	PEPD
P12956	XRCC6
P13010	XRCC5
P13073	COX4I1
P13284	IFI30
P13473	LAMP2
P13489	RNH1
P13498	CYBA
P13533	MYH6
P13591	NCAM1
P13639	EEF2
P13645	KRT10
P13667	PDIA4
P13693	TPT1
P13746	HLA-A
P13796	LCP1
P13797	PLS3
P13798	APEH
P13804	ETFA
P13942	COL11A2
P14174	MIF
P14209	CD99
P14222	PRF1
P14314	PRKCSH
P14317	HCLS1
P14324	FDPS
P14406	COX7A2
P14416	DRD2
P14543	NID1
P14550	AKR1A1
P14618	PKM
P14625	HSP90B1
P14651	HOXB3
P14678	SNRPB
P14854	COX6B1
P14866	HNRNPL
P14868	DARS1
P14927	UQCRB
P15086	CPB1
P15088	CPA3
P15090	FABP4
P15104	GLUL
P15121	AKR1B1
P15144	ANPEP
P15153	RAC2
P15170	GSPT1
P15311	EZR
P15328	FOLR1
P15374	UCHL3
P15559	NQO1
P15586	GNS
P15880	RPS2
P15927	RPA2
P15954	COX7C
P16070	CD44
P16104	H2AX
P16150	SPN
P16152	CBR1
P16219	ACADS
P16284	PECAM1
P16383	GCFC2
P16401	H1-5
P16402	H1-3
P16403	H1-2
P16615	ATP2A2
P16671	CD36
P16930	FAH
P16949	STMN1
P17025	ZNF182
P17029	ZKSCAN1
P17066	HSPA6
P17096	HMGA1
P17480	UBTF
P17655	CAPN2
P17661	DES
P17752	TPH1
P17844	DDX5
P17858	PFKL
P17931	LGALS3
P17936	IGFBP3
P17980	PSMC3
P17987	TCP1
P18031	PTPN1
P18077	RPL35A
P18084	ITGB5
P18085	ARF4
P18089	ADRA2B
P18124	RPL7
P18206	VCL
P18621	RPL17
P18669	PGAM1
P18754	RCC1
P18858	LIG1
P18859	ATP5PF
P19105	MYL12A
P19338	NCL
P19367	HK1
P19404	NDUFV2
P19623	SRM
P19835	CEL
P19878	NCF2
P20023	CR2
P20042	EIF2S2
P20061	TCN1
P20073	ANXA7
P20248	CCNA2
P20290	BTF3
P20292	ALOX5AP
P20340	RAB6A
P20618	PSMB1
P20645	M6PR
P20648	ATP4A
P20671	H2AC7
P20674	COX5A
P20700	LMNB1
P20702	ITGAX
P20827	EFNA1
P20929	NEB
P20930	FLG
P20933	AGA
P20962	PTMS
P21281	ATP6V1B2
P21283	ATP6V1C1
P21291	CSRP1
P21333	FLNA
P21359	NF1
P21439	ABCB4
P21730	C5AR1
P21757	MSR1
P21796	VDAC1
P21810	BGN
P21964	COMT
P22061	PCMT1
P22079	LPO
P22087	FBL
P22102	GART
P22234	PAICS
P22307	SCP2
P22314	UBA1
P22392	NME2
P22459	KCNA4
P22570	FDXR
P22626	HNRNPA2B1
P22695	UQCRC2
P22732	SLC2A5
P22748	CA4
P22760	AADAC
P22830	FECH
P22897	MRC1
P23141	CES1
P23246	SFPQ
P23284	PPIB
P23327	HRC
P23352	ANOS1
P23368	ME2
P23381	WARS1
P23396	RPS3
P23467	PTPRB
P23471	PTPRZ1
P23526	AHCY
P23528	CFL1
P23588	EIF4B
P23634	ATP2B4
P24043	LAMA2
P24046	GABRR1
P24298	GPT
P24311	COX7B
P24534	EEF1B2
P24539	ATP5PB
P24666	ACP1
P24752	ACAT1
P24855	DNASE1
P24928	POLR2A
P25021	HRH2
P25054	APC
P25205	MCM3
P25398	RPS12
P25490	YY1
P25705	ATP5F1A
P25786	PSMA1
P25787	PSMA2
P25788	PSMA3
P25789	PSMA4
P25815	S100P
P26022	PTX3
P26038	MSN
P26358	DNMT1
P26368	U2AF2
P26373	RPL13
P26447	S100A4
P26583	HMGB2
P26599	PTBP1
P26639	TARS1
P26640	VARS1
P26641	EEF1G
P26842	CD27
P27348	YWHAQ
P27540	ARNT
P27635	RPL10
P27694	RPA1
P27695	APEX1
P27708	CAD
P27797	CALR
P27815	PDE4A
P27816	MAP4
P27824	CANX
P28062	PSMB8
P28066	PSMA5
P28070	PSMB4
P28072	PSMB6
P28289	TMOD1
P28332	ADH6
P28347	TEAD1
P28715	ERCC5
P28838	LAP3
P29144	TPP2
P29218	IMPA1
P29317	EPHA2
P29350	PTPN6
P29371	TACR3
P29374	ARID4A
P29375	KDM5A
P29400	COL4A5
P29401	TKT
P29475	NOS1
P29536	LMOD1
P29597	TYK2
P29692	EEF1D
P29803	PDHA2
P29966	MARCKS
P30040	ERP29
P30041	PRDX6
P30043	BLVRB
P30044	PRDX5
P30048	PRDX3
P30049	ATP5F1D
P30050	RPL12
P30084	ECHS1
P30085	CMPK1
P30086	PEBP1
P30101	PDIA3
P30153	PPP2R1A
P30260	CDC27
P30273	FCER1G
P30405	PPIF
P30520	ADSS2
P30533	LRPAP1
P30622	CLIP1
P30626	SRI
P30740	SERPINB1
P31146	CORO1A
P31153	MAT2A
P31327	CPS1
P31350	RRM2
P31689	DNAJA1
P31930	UQCRC1
P31939	ATIC
P31942	HNRNPH3
P31943	HNRNPH1
P31946	YWHAB
P31947	SFN
P31948	STIP1
P31949	S100A11
P31997	CEACAM8
P32119	PRDX2
P32320	CDA
P32969	RPL9
P32969	RPL9P7
P32969	RPL9P8
P32969	RPL9P9
P33121	ACSL1
P33176	KIF5B
P33241	LSP1
P33316	DUT
P33527	ABCC1
P33991	MCM4
P33992	MCM5
P33993	MCM7
P34897	SHMT2
P34932	HSPA4
P35232	PHB1
P35237	SERPINB6
P35244	RPA3
P35250	RFC2
P35268	RPL22
P35269	GTF2F1
P35453	HOXD13
P35499	SCN4A
P35523	CLCN1
P35527	KRT9
P35556	FBN2
P35579	MYH9
P35580	MYH10
P35590	TIE1
P35606	COPB2
P35613	BSG
P35637	FUS
P35659	DEK
P35712	SOX6
P35749	MYH11
P35789	ZNF93
P35813	PPM1A
P35908	KRT2
P36537	UGT2B10
P36542	ATP5F1C
P36543	ATP6V1E1
P36578	RPL4
P36776	LONP1
P36871	PGM1
P36873	PPP1CC
P36896	ACVR1B
P36957	DLST
P37058	HSD17B3
P37108	SRP14
P37235	HPCAL1
P37268	FDFT1
P37802	TAGLN2
P37837	TALDO1
P38117	ETFB
P38159	RBMX
P38398	BRCA1
P38432	COIL
P38606	ATP6V1A
P38646	HSPA9
P38919	EIF4A3
P39019	RPS19
P39023	RPL3
P39059	COL15A1
P39656	DDOST
P39687	ANP32A
P39748	FEN1
P40121	CAPG
P40227	CCT6A
P40429	RPL13A
P40925	MDH1
P40926	MDH2
P40939	HADHA
P41091	EIF2S3
P41212	ETV6
P41218	MNDA
P41222	PTGDS
P41240	CSK
P41250	GARS1
P41252	IARS1
P41743	PRKCI
P42025	ACTR1B
P42167	TMPO
P42224	STAT1
P42263	GRIA3
P42336	PIK3CA
P42356	PI4KA
P42681	TXK
P42694	HELZ
P42702	LIFR
P42704	LRPPRC
P42765	ACAA2
P42766	RPL35
P42768	WAS
P42858	HTT
P42892	ECE1
P42898	MTHFR
P43034	PAFAH1B1
P43155	CRAT
P43235	CTSK
P43243	MATR3
P43307	SSR1
P43366	MAGEB1
P43378	PTPN9
P43487	RANBP1
P43490	NAMPT
P43686	PSMC4
P45378	TNNT3
P45880	VDAC2
P45973	CBX5
P45974	USP5
P46013	MKI67
P46059	SLC15A1
P46063	RECQL
P46087	NOP2
P46098	HTR3A
P46100	ATRX
P46459	NSF
P46531	NOTCH1
P46776	RPL27A
P46777	RPL5
P46778	RPL21
P46779	RPL28
P46781	RPS9
P46782	RPS5
P46783	RPS10
P46821	MAP1B
P46939	UTRN
P46940	IQGAP1
P46977	STT3A
P47755	CAPZA2
P47756	CAPZB
P47775	GPR12
P47813	EIF1AX
P47871	GCGR
P47897	QARS1
P47898	HTR5A
P47914	RPL29
P47972	NPTX2
P47989	XDH
P48047	ATP5PO
P48165	GJA8
P48200	IREB2
P48201	ATP5MC3
P48357	LEPR
P48382	RFX5
P48549	KCNJ3
P48556	PSMD8
P48637	GSS
P48643	CCT5
P48681	NES
P48728	AMT
P48735	IDH2
P48736	PIK3CG
P48739	PITPNB
P49006	MARCKSL1
P49069	CAMLG
P49189	ALDH9A1
P49207	RPL34
P49257	LMAN1
P49321	NASP
P49327	FASN
P49368	CCT3
P49411	TUFM
P49454	CENPF
P49458	SRP9
P49588	AARS1
P49591	SARS1
P49685	GPR15
P49720	PSMB3
P49736	MCM2
P49753	ACOT2
P49754	VPS41
P49755	TMED10
P49759	CLK1
P49792	RANBP2
P49815	TSC2
P49841	GSK3B
P49842	STK19
P49915	GMPS
P49961	ENTPD1
P50213	IDH3A
P50225	SULT1A1
P50238	CRIP1
P50395	GDI2
P50402	EMD
P50502	ST13
P50552	VASP
P50570	DNM2
P50607	TUB
P50613	CDK7
P50747	HLCS
P50748	KNTC1
P50897	PPT1
P50914	RPL14
P50990	CCT8
P50991	CCT4
P50995	ANXA11
P51148	RAB5C
P51149	RAB7A
P51159	RAB27A
P51460	INSL3
P51508	ZNF81
P51512	MMP16
P51530	DNA2
P51531	SMARCA2
P51571	SSR4
P51572	BCAP31
P51587	BRCA2
P51659	HSD17B4
P51665	PSMD7
P51688	SGSH
P51787	KCNQ1
P51812	RPS6KA3
P51814	ZNF41
P51826	AFF3
P51858	HDGF
P51991	HNRNPA3
P52209	PGD
P52272	HNRNPM
P52292	KPNA2
P52333	JAK3
P52565	ARHGDIA
P52566	ARHGDIB
P52597	HNRNPF
P52732	KIF11
P52737	ZNF136
P52747	ZNF143
P52788	SMS
P52815	MRPL12
P52824	DGKQ
P52907	CAPZA1
P52943	CRIP2
P52948	NUP98
P53355	DAPK1
P53384	NUBP1
P53396	ACLY
P53539	FOSB
P53618	COPB1
P53621	COPA
P53667	LIMK1
P53675	CLTCL1
P53999	SUB1
P54098	POLG
P54107	CRISP1
P54136	RARS1
P54274	TERF1
P54317	PNLIPRP2
P54577	YARS1
P54578	USP14
P54710	FXYD2
P54727	RAD23B
P54750	PDE1A
P54760	EPHB4
P54819	AK2
P54840	GYS2
P54886	ALDH18A1
P54920	NAPA
P55010	EIF5
P55036	PSMD4
P55060	CSE1L
P55072	VCP
P55084	HADHB
P55209	NAP1L1
P55263	ADK
P55283	CDH4
P55287	CDH11
P55316	FOXG1
P55769	SNU13
P55786	NPEPPS
P55809	OXCT1
P55884	EIF3B
P55916	UCP3
P55957	BID
P56192	MARS1
P56377	AP1S2
P56381	ATP5F1E
P56385	ATP5ME
P56524	HDAC4
P56537	EIF6
P56559	ARL4C
P57058	HUNK
P57059	SIK1
P57735	RAB25
P57737	CORO7
P57771	RGS8
P58215	LOXL3
P58335	ANTXR2
P58546	MTPN
P59044	NLRP6
P59998	ARPC4
P60174	TPI1
P60228	EIF3E
P60368	KRTAP10-2
P60660	MYL6
P60842	EIF4A1
P60866	RPS20
P60891	PRPS1
P60900	PSMA6
P60903	S100A10
P60953	CDC42
P61019	RAB2A
P61026	RAB10
P61081	UBE2M
P61086	UBE2K
P61088	UBE2N
P61106	RAB14
P61158	ACTR3
P61160	ACTR2
P61201	COPS2
P61221	ABCE1
P61224	RAP1B
P61247	RPS3A
P61254	RPL26
P61289	PSME3
P61313	RPL15
P61353	RPL27
P61513	RPL37A
P61586	RHOA
P61604	HSPE1
P61626	LYZ
P61758	VBP1
P61769	B2M
P61916	NPC2
P61927	RPL37
P61952	GNG11
P61956	SUMO2
P61978	HNRNPK
P61981	YWHAG
P62081	RPS7
P62136	PPP1CA
P62140	PPP1CB
P62191	PSMC1
P62241	RPS8
P62244	RPS15A
P62249	RPS16
P62258	YWHAE
P62263	RPS14
P62266	RPS23
P62269	RPS18
P62273	RPS29
P62277	RPS13
P62280	RPS11
P62304	SNRPE
P62310	LSM3
P62314	SNRPD1
P62316	SNRPD2
P62318	SNRPD3
P62328	TMSB4X
P62424	RPL7A
P62701	RPS4X
P62714	PPP2CB
P62750	RPL23A
P62753	RPS6
P62805	H4C1
P62805	H4C11
P62805	H4C12
P62805	H4C13
P62805	H4C14
P62805	H4C15
P62805	H4C16
P62805	H4C2
P62805	H4C3
P62805	H4C4
P62805	H4C5
P62805	H4C6
P62805	H4C8
P62805	H4C9
P62820	RAB1A
P62826	RAN
P62829	RPL23
P62841	RPS15
P62847	RPS24
P62851	RPS25
P62854	RPS26
P62857	RPS28
P62861	FAU
P62888	RPL30
P62899	RPL31
P62906	RPL10A
P62910	RPL32
P62913	RPL11
P62917	RPL8
P62937	PPIA
P62942	FKBP1A
P62979	RPS27A
P62993	GRB2
P62995	TRA2B
P63104	YWHAZ
P63135	ERVK-7
P63151	PPP2R2A
P63165	SUMO1
P63167	DYNLL1
P63173	RPL38
P63208	SKP1
P63218	GNG5
P63220	RPS21
P63241	EIF5A
P63244	RACK1
P63261	ACTG1
P63267	ACTG2
P63279	UBE2I
P63313	TMSB10
P67775	PPP2CA
P67809	YBX1
P67812	SEC11A
P67936	TPM4
P68036	UBE2L3
P68133	ACTA1
P68363	TUBA1B
P68366	TUBA4A
P68371	TUBB4B
P68400	CSNK2A1
P69905	HBA1
P69905	HBA2
P78344	EIF4G2
P78356	PIP4K2B
P78371	CCT2
P78417	GSTO1
P78509	RELN
P78524	DENND2B
P78527	PRKDC
P78540	ARG2
P80188	LCN2
P80192	MAP3K9
P80303	NUCB2
P81605	DCD
P82979	SARNP
P83111	LACTB
P83731	RPL24
P83881	RPL36A
P84077	ARF1
P84090	ERH
P84095	RHOG
P84098	RPL19
P84103	SRSF3
P86452	ZBED6
P98082	DAB2
P98160	HSPG2
P98161	PKD1
P98164	LRP2
P98179	RBM3
P98182	ZNF200
P99999	CYCS
Q00059	TFAM
Q00325	SLC25A3
Q00341	HDLBP
Q00536	CDK16
Q00610	CLTC
Q00688	FKBP3
Q00765	REEP5
Q00796	SORD
Q00839	HNRNPU
Q00978	IRF9
Q01094	E2F1
Q01101	INSM1
Q01105	SET
Q01113	IL9R
Q01130	SRSF2
Q01432	AMPD3
Q01469	FABP5
Q01484	ANK2
Q01518	CAP1
Q01546	KRT76
Q01650	SLC7A5
Q01740	FMO1
Q01813	PFKP
Q01844	EWSR1
Q01954	BNC1
Q01973	ROR1
Q02086	SP2
Q02156	PRKCE
Q02224	CENPE
Q02241	KIF23
Q02246	CNTN2
Q02318	CYP27A1
Q02543	RPL18A
Q02643	GHRHR
Q02750	MAP2K1
Q02790	FKBP4
Q02878	RPL6
Q02880	TOP2B
Q03001	DST
Q03164	KMT2A
Q03252	LMNB2
Q03405	PLAUR
Q03468	ERCC6
Q03701	CEBPZ
Q03923	ZNF85
Q03989	ARID5A
Q04206	RELA
Q04323	UBXN1
Q04446	GBE1
Q04637	EIF4G1
Q04727	TLE4
Q04760	GLO1
Q04837	SSBP1
Q04917	YWHAH
Q04941	PLP2
Q05519	SRSF11
Q05655	PRKCD
Q05BV3	EML5
Q06323	PSME1
Q06830	PRDX1
Q07020	RPL18
Q07021	C1QBP
Q07065	CKAP4
Q07092	COL16A1
Q07108	CD69
Q07617	SPAG1
Q07666	KHDRBS1
Q07889	SOS1
Q07954	LRP1
Q07955	SRSF1
Q07960	ARHGAP1
Q08170	SRSF4
Q08211	DHX9
Q08378	GOLGA3
Q08495	DMTN
Q08722	CD47
Q08828	ADCY1
Q08881	ITK
Q08945	SSRP1
Q08999	RBL2
Q08AD1	CAMSAP2
Q09028	RBBP4
Q09328	MGAT5
Q09666	AHNAK
Q0IIM8	TBC1D8B
Q0P6H9	TMEM62
Q0PNE2	ELP6
Q0VD83	APOBR
Q0VDD8	DNAH14
Q0VDF9	HSPA14
Q0ZGT2	NEXN
Q10472	GALNT1
Q10571	MN1
Q10587	TEF
Q11203	ST3GAL3
Q12774	ARHGEF5
Q12802	AKAP13
Q12830	BPTF
Q12873	CHD3
Q12874	SF3A3
Q12882	DPYD
Q12884	FAP
Q12899	TRIM26
Q12904	AIMP1
Q12905	ILF2
Q12906	ILF3
Q12923	PTPN13
Q12931	TRAP1
Q12955	ANK3
Q12965	MYO1E
Q12972	PPP1R8
Q13003	GRIK3
Q13009	TIAM1
Q13011	ECH1
Q13023	AKAP6
Q13029	PRDM2
Q13057	COASY
Q13087	PDIA2
Q13105	ZBTB17
Q13107	USP4
Q13111	CHAF1A
Q13115	DUSP4
Q13126	MTAP
Q13144	EIF2B5
Q13148	TARDBP
Q13151	HNRNPA0
Q13155	AIMP2
Q13162	PRDX4
Q13177	PAK2
Q13185	CBX3
Q13200	PSMD2
Q13201	MMRN1
Q13206	DDX10
Q13224	GRIN2B
Q13242	SRSF9
Q13243	SRSF5
Q13247	SRSF6
Q13257	MAD2L1
Q13263	TRIM28
Q13283	G3BP1
Q13303	KCNAB2
Q13310	PABPC4
Q13315	ATM
Q13330	MTA1
Q13342	SP140
Q13347	EIF3I
Q13352	ITGB3BP
Q13356	PPIL2
Q13404	UBE2V1
Q13409	DYNC1I2
Q13428	TCOF1
Q13435	SF3B2
Q13442	PDAP1
Q13451	FKBP5
Q13459	MYO9B
Q13501	SQSTM1
Q13506	NAB1
Q13509	TUBB3
Q13510	ASAH1
Q13515	BFSP2
Q13523	PRP4K
Q13526	PIN1
Q13535	ATR
Q13541	EIF4EBP1
Q13547	HDAC1
Q13561	DCTN2
Q13568	IRF5
Q13576	IQGAP2
Q13608	PEX6
Q13621	SLC12A1
Q13630	GFUS
Q13686	ALKBH1
Q13813	SPTAN1
Q13838	DDX39B
Q13882	PTK6
Q13936	CACNA1C
Q13939	CCIN
Q13946	PDE7A
Q13951	CBFB
Q14008	CKAP5
Q14011	CIRBP
Q14019	COTL1
Q14103	HNRNPD
Q14142	TRIM14
Q14147	DHX34
Q14149	MORC3
Q14152	EIF3A
Q14157	UBAP2L
Q14159	SPIDR
Q14183	DOC2A
Q14185	DOCK1
Q14191	WRN
Q14203	DCTN1
Q14204	DYNC1H1
Q14247	CTTN
Q14258	TRIM25
Q14289	PTK2B
Q14324	MYBPC2
Q14444	CAPRIN1
Q14498	RBM39
Q14563	SEMA3A
Q14566	MCM6
Q14571	ITPR2
Q14573	ITPR3
Q14623	IHH
Q14651	PLS1
Q14674	ESPL1
Q14676	MDC1
Q14683	SMC1A
Q14684	RRP1B
Q14692	BMS1
Q14696	MESD
Q14697	GANAB
Q14703	MBTPS1
Q14739	LBR
Q14764	MVP
Q14789	GOLGB1
Q14790	CASP8
Q14832	GRM3
Q14847	LASP1
Q14872	MTF1
Q14896	MYBPC3
Q14956	GPNMB
Q14964	RAB39A
Q14966	ZNF638
Q14974	KPNB1
Q14978	NOLC1
Q14980	NUMA1
Q14993	COL19A1
Q14C87	TMEM132D
Q14CN4	KRT72
Q15005	SPCS2
Q15008	PSMD6
Q15019	SEPTIN2
Q15025	TNIP1
Q15029	EFTUD2
Q15034	HERC3
Q15046	KARS1
Q15047	SETDB1
Q15050	RRS1
Q15056	EIF4H
Q15075	EEA1
Q15080	NCF4
Q15084	PDIA6
Q15102	PAFAH1B3
Q15118	PDK1
Q15120	PDK3
Q15149	PLEC
Q15172	PPP2R5A
Q15181	PPA1
Q15185	PTGES3
Q15195	PLGLA
Q15233	NONO
Q15262	PTPRK
Q15276	RABEP1
Q15287	RNPS1
Q15365	PCBP1
Q15366	PCBP2
Q15369	ELOC
Q15370	ELOB
Q15388	TOMM20
Q15393	SF3B3
Q15398	DLGAP5
Q15418	RPS6KA1
Q15424	SAFB
Q15427	SF3B4
Q15459	SF3A1
Q15465	SHH
Q15468	STIL
Q15596	NCOA2
Q155Q3	DIXDC1
Q15631	TSN
Q15637	SF1
Q15643	TRIP11
Q15646	OASL
Q15648	MED1
Q15652	JMJD1C
Q15691	MAPRE1
Q15696	ZRSR2
Q15700	DLG2
Q15717	ELAVL1
Q15738	NSDHL
Q15746	MYLK
Q15751	HERC1
Q15758	SLC1A5
Q15772	SPEG
Q15811	ITSN1
Q15831	STK11
Q15833	STXBP2
Q15836	VAMP3
Q15843	NEDD8
Q15884	ENTREP1
Q15907	RAB11B
Q15928	ZNF141
Q15942	ZYX
Q16082	HSPB2
Q16186	ADRM1
Q16513	PKN2
Q16527	CSRP2
Q16531	DDB1
Q16539	MAPK14
Q16543	CDC37
Q16555	DPYSL2
Q16560	SNRNP35
Q16576	RBBP7
Q16595	FXN
Q16627	CCL14
Q16629	SRSF7
Q16630	CPSF6
Q16633	POU2AF1
Q16644	MAPKAPK3
Q16650	TBR1
Q16666	IFI16
Q16698	DECR1
Q16720	ATP2B3
Q16778	H2BC21
Q16790	CA9
Q16819	MEP1A
Q16822	PCK2
Q16829	DUSP7
Q16832	DDR2
Q16836	HADH
Q16851	UGP2
Q16864	ATP6V1F
Q16878	CDO1
Q16881	TXNRD1
Q16891	IMMT
Q17RN3	FAM98C
Q17RR3	PNLIPRP3
Q17RW2	COL24A1
Q1KMD3	HNRNPUL2
Q1MSJ5	CSPP1
Q1W4C9	SPINK13
Q29940	HLA-B
Q29963	HLA-C
Q2KHT3	CLEC16A
Q2M1Z3	ARHGAP31
Q2NKQ1	SGSM1
Q2PPJ7	RALGAPA2
Q2TAC6	KIF19
Q2TAK8	PWWP3A
Q2TBE0	CWF19L2
Q2VPA4	CR1L
Q2WGJ9	FER1L6
Q32P28	P3H1
Q38SD2	LRRK1
Q3B726	POLR1F
Q3B7J2	GFOD2
Q3B7T1	EDRF1
Q3KRA9	ALKBH6
Q3LIE5	ADPRM
Q3MIW9	MUCL3
Q3MJ40	CCDC144BP
Q3T906	GNPTAB
Q3ZCN5	OTOGL
Q3ZCQ8	TIMM50
Q494X3	ZNF404
Q495W5	FUT11
Q49A88	CCDC14
Q49AA0	ZFP69
Q49B96	COX19
Q4G0G5	SCGB2B2
Q4G0J3	LARP7
Q4G0P3	HYDIN
Q4KMG0	CDON
Q4KMQ2	ANO6
Q4LE39	ARID4B
Q4V328	GRIPAP1
Q4VNC0	ATP13A5
Q52LR7	EPC2
Q52M93	ZNF585B
Q52MB2	CCDC184
Q53EL6	PDCD4
Q53EU6	GPAT3
Q53FA7	TP53I3
Q53GD3	SLC44A4
Q53GT1	KLHL22
Q53R41	FASTKD1
Q569K6	CCDC157
Q587J7	TDRD12
Q58FF8	HSP90AB2P
Q58WW2	DCAF6
Q59GN2	RPL39P5
Q5C9Z4	NOM1
Q5CZ79	ANKRD20A8P
Q5CZC0	FSIP2
Q5EBL4	RILPL1
Q5EBM4	ZNF542P
Q5GFL6	VWA2
Q5H8C1	FREM1
Q5H9K5	ZMAT1
Q5H9R4	ARMCX4
Q5I0G3	MDH1B
Q5JNZ3	ZNF311
Q5JNZ5	RPS26P11
Q5JQF8	PABPC1L2A
Q5JQF8	PABPC1L2B
Q5JR59	MTUS2
Q5JRA6	MIA3
Q5JRC9	FAM47A
Q5JSH3	WDR44
Q5JSL3	DOCK11
Q5JSZ5	PRRC2B
Q5JU85	IQSEC2
Q5JUK3	KCNT1
Q5JV73	FRMPD3
Q5JVG2	ZNF484
Q5JY77	GPRASP1
Q5M775	SPECC1
Q5MJ10	SPANXN2
Q5R3I4	TTC38
Q5RHP9	ERICH3
Q5S007	LRRK2
Q5SNV9	C1orf167
Q5SSG8	MUC21
Q5SSJ5	HP1BP3
Q5SVQ8	ZBTB41
Q5SW79	CEP170
Q5SXM2	SNAPC4
Q5SYB0	FRMPD1
Q5SZL2	CEP85L
Q5T0N5	FNBP1L
Q5T0Z8	C6orf132
Q5T124	UBXN11
Q5T160	RARS2
Q5T1B0	AXDND1
Q5T1N1	AKNAD1
Q5T1R4	HIVEP3
Q5T200	ZC3H13
Q5T2E6	ARMH3
Q5T2S8	ODAD2
Q5T3J3	LRIF1
Q5T5P2	KIAA1217
Q5T5U3	ARHGAP21
Q5T7V8	GORAB
Q5T7W0	ZNF618
Q5T871	LELP1
Q5T9L3	WLS
Q5TAA0	TTC22
Q5TB80	CEP162
Q5TBA9	FRY
Q5TD97	FHL5
Q5TEC3	ZNF697
Q5TF21	MTCL3
Q5TFE4	NT5DC1
Q5THJ4	VPS13D
Q5TZA2	CROCC
Q5UE93	PIK3R6
Q5VT25	CDC42BPA
Q5VTE0	EEF1A1P5
Q5VTE6	ANGEL2
Q5VTH9	DNAI4
Q5VU65	NUP210L
Q5VUA4	ZNF318
Q5VV67	PPRC1
Q5VVY1	NTMT2
Q5VW36	FOCAD
Q5VWN6	TASOR2
Q5VWT5	FYB2
Q5VX52	SPATA1
Q5VYJ5	MALRD1
Q5VZ18	SHE
Q5VZF2	MBNL2
Q5VZK9	CARMIL1
Q5W0A0	ERICH6B
Q5W0B1	OBI1
Q5XG92	CES4A
Q5XKP0	MICOS13
Q5XX13	FBXW10
Q5YKI7	GGNBP1
Q63HN8	RNF213
Q63HQ0	AP1AR
Q63HR2	TNS2
Q63ZY3	KANK2
Q658N2	WSCD1
Q66K74	MAP1S
Q674X7	KAZN
Q676U5	ATG16L1
Q68CR7	LRRC66
Q68DA7	FMN1
Q68DE3	USF3
Q68DI1	ZNF776
Q68DQ2	CRYBG3
Q68DY1	ZNF626
Q68DY9	ZNF772
Q69YQ0	SPECC1L
Q6AWC2	WWC2
Q6B0I6	KDM4D
Q6BCY4	CYB5R2
Q6DD87	ZNF787
Q6DKI1	RPL7L1
Q6DN03	H2BC20P
Q6DN12	MCTP2
Q6EEV4	POLR2M
Q6EMB2	TTLL5
Q6GMV2	SMYD5
Q6GTS8	PM20D1
Q6GYQ0	RALGAPA1
Q6IAA8	LAMTOR1
Q6IAN0	DHRS7B
Q6IBS0	TWF2
Q6ICC9	RTL6
Q6IEE8	SLFN12L
Q6IF63	OR52W1
Q6IQ23	PLEKHA7
Q6IQ55	TTBK2
Q6IV72	ZNF425
Q6K0P9	PYHIN1
Q6KC79	NIPBL
Q6MZM0	HEPHL1
Q6MZP7	LIN54
Q6NSI4	RADX
Q6NSX1	CCDC70
Q6NT04	TIGD7
Q6NUJ1	PSAPL1
Q6NUN7	JHY
Q6NUQ4	TMEM214
Q6NX49	ZNF544
Q6NYC8	PPP1R18
Q6P0A1	FAM180B
Q6P0N0	MIS18BP1
Q6P179	ERAP2
Q6P1L5	FAM117B
Q6P1N9	TATDN1
Q6P2Q9	PRPF8
Q6P387	C16orf46
Q6P3V2	ZNF585A
Q6P3X8	PGBD2
Q6P4F7	ARHGAP11A
Q6P4I2	WDR73
Q6P4R8	NFRKB
Q6P5W5	SLC39A4
Q6P6C2	ALKBH5
Q6P995	FAM171B
Q6P9F7	LRRC8B
Q6PF04	ZNF613
Q6PF18	MORN3
Q6PFW1	PPIP5K1
Q6PI26	SHQ1
Q6PI48	DARS2
Q6PI78	TMEM65
Q6PIF6	MYO7B
Q6PIW4	FIGNL1
Q6PJG2	MIDEAS
Q6RW13	AGTRAP
Q6S8J3	POTEE
Q6SJ93	FAM111B
Q6ULP2	AFTPH
Q6UN15	FIP1L1
Q6UW02	CYP20A1
Q6UWJ1	TMCO3
Q6UWP8	SBSN
Q6UWU2	GLB1L
Q6UXG2	ELAPOR1
Q6UXX5	ITIH6
Q6UY01	LRRC31
Q6V0I7	FAT4
Q6W2J9	BCOR
Q6W3E5	GDPD4
Q6WKZ4	RAB11FIP1
Q6XZB0	LIPI
Q6YHK3	CD109
Q6YHU6	THADA
Q6YN16	HSDL2
Q6ZMR3	LDHAL6A
Q6ZMW2	ZNF782
Q6ZMW3	EML6
Q6ZMZ3	SYNE3
Q6ZN28	MACC1
Q6ZNC4	ZNF704
Q6ZNF0	ACP7
Q6ZP82	CCDC141
Q6ZQY3	GADL1
Q6ZR08	DNAH12
Q6ZRI0	OTOG
Q6ZRK6	CCDC73
Q6ZRR7	LRRC9
Q6ZRS2	SRCAP
Q6ZRY4	RBPMS2
Q6ZS81	WDFY4
Q6ZSC3	RBM43
Q6ZSZ5	ARHGEF18
Q6ZSZ6	TSHZ1
Q6ZT07	TBC1D9
Q6ZT12	UBR3
Q6ZT98	TTLL7
Q6ZTR5	CFAP47
Q6ZU64	CFAP65
Q6ZUJ8	PIK3AP1
Q6ZV73	FGD6
Q6ZV80	LINC02898
Q6ZVC0	NYAP1
Q6ZVE7	GOLT1A
Q6ZVF9	GPRIN3
Q6ZW49	PAXIP1
Q6ZWJ1	STXBP4
Q6ZWK4	RHEX
Q6ZWT7	MBOAT2
Q702N8	XIRP1
Q709C8	VPS13C
Q70CQ1	USP49
Q70CQ2	USP34
Q70CQ4	USP31
Q70JA7	CHSY3
Q71DI3	H3C13
Q71DI3	H3C14
Q71DI3	H3C15
Q71H61	ILDR2
Q71RS6	SLC24A5
Q71U36	TUBA1A
Q71UI9	H2AZ2
Q75QN2	INTS8
Q75T13	PGAP1
Q75V66	ANO5
Q76FK4	NOL8
Q76NI1	KNDC1
Q7KZ85	SUPT6H
Q7KZF4	SND1
Q7L0Q8	RHOU
Q7L1Q6	BZW1
Q7L266	ASRGL1
Q7L2E3	DHX30
Q7L2H7	EIF3M
Q7L5Y1	ENOSF1
Q7RTP6	MICAL3
Q7RTR2	NLRC3
Q7RTT5	SSX7
Q7RTU7	SCX
Q7RTU9	STRC
Q7RTV0	PHF5A
Q7RTX1	TAS1R1
Q7RTY0	SLC16A13
Q7RTY8	TMPRSS7
Q7Z2Q7	LRRC70
Q7Z340	ZNF551
Q7Z3B3	KANSL1
Q7Z3J2	VPS35L
Q7Z3U7	MON2
Q7Z3V4	UBE3B
Q7Z3Z2	RD3
Q7Z406	MYH14
Q7Z460	CLASP1
Q7Z478	DHX29
Q7Z494	NPHP3
Q7Z4N8	P4HA3
Q7Z4S6	KIF21A
Q7Z553	MDGA2
Q7Z589	EMSY
Q7Z5H4	VN1R5
Q7Z5J1	HSD11B1L
Q7Z5L9	IRF2BP2
Q7Z5P4	HSD17B13
Q7Z695	ADCK2
Q7Z6K1	THAP5
Q7Z6L1	TECPR1
Q7Z7A1	CNTRL
Q7Z7B0	FILIP1
Q7Z7G8	VPS13B
Q86SQ7	SDCCAG8
Q86T29	ZNF605
Q86TD4	SRL
Q86TE4	LUZP2
Q86TI2	DPP9
Q86TM3	DDX53
Q86TW2	ADCK1
Q86U10	ASPG
Q86U42	PABPN1
Q86UE4	MTDH
Q86UE8	TLK2
Q86UK0	ABCA12
Q86UK5	EVC2
Q86UP2	KTN1
Q86UQ4	ABCA13
Q86UU1	PHLDB1
Q86UV5	USP48
Q86UW6	N4BP2
Q86UX7	FERMT3
Q86V81	ALYREF
Q86V85	GPR180
Q86V88	MDP1
Q86VE0	MYPOP
Q86VH4	LRRTM4
Q86VM9	ZC3H18
Q86VP6	CAND1
Q86VS8	HOOK3
Q86VV8	RTTN
Q86VX9	MON1A
Q86W34	AMZ2
Q86W50	METTL16
Q86WA6	BPHL
Q86X10	RALGAPB
Q86X52	CHSY1
Q86X53	ERICH1
Q86XJ1	GAS2L3
Q86XL3	ANKLE2
Q86XN8	MEX3D
Q86XP1	DGKH
Q86XQ3	CATSPER3
Q86Y38	XYLT1
Q86YA3	ZGRF1
Q86YR7	MCF2L2
Q86YZ3	HRNR
Q86Z02	HIPK1
Q8HWS3	RFX6
Q8IU81	IRF2BP1
Q8IUC1	KRTAP11-1
Q8IUG5	MYO18B
Q8IUH2	CREG2
Q8IUI4	SNX29P2
Q8IUL8	CILP2
Q8IUM7	NPAS4
Q8IUR0	TRAPPC5
Q8IUX1	TMEM126B
Q8IUX4	APOBEC3F
Q8IV16	GPIHBP1
Q8IV76	PASD1
Q8IVF4	DNAH10
Q8IVF5	TIAM2
Q8IVL0	NAV3
Q8IVT5	KSR1
Q8IVU1	IGDCC3
Q8IW19	APLF
Q8IW75	SERPINA12
Q8IWA0	WDR75
Q8IWA6	CCDC60
Q8IWB7	WDFY1
Q8IWC1	MAP7D3
Q8IWI9	MGA
Q8IWJ2	GCC2
Q8IWK6	ADGRA3
Q8IWN6	FAM223A
Q8IWV7	UBR1
Q8IWX8	CHERP
Q8IWZ8	SUGP1
Q8IX15	HOMEZ
Q8IXB3	TRARG1
Q8IXI2	RHOT1
Q8IXJ9	ASXL1
Q8IXS2	CCDC65
Q8IXT1	DDIAS
Q8IXZ2	ZC3H3
Q8IY17	PNPLA6
Q8IY18	SMC5
Q8IY42	C4orf19
Q8IY50	SLC35F3
Q8IY81	FTSJ3
Q8IY85	EFCAB13
Q8IYE1	CCDC13
Q8IYK2	TEKTL1
Q8IYM2	SLFN12
Q8IYQ7	THNSL1
Q8IYR6	TMEFF1
Q8IYS8	BOD1L2
Q8IYT2	CMTR2
Q8IYT4	KATNAL2
Q8IYV9	IZUMO1
Q8IYW2	CFAP46
Q8IYX4	DND1
Q8IZ21	PHACTR4
Q8IZ41	RASEF
Q8IZA3	H1-8
Q8IZC4	RTKN2
Q8IZD9	DOCK3
Q8IZF0	NALCN
Q8IZJ3	CPAMD8
Q8IZQ1	WDFY3
Q8IZT6	ASPM
Q8IZU2	WDR17
Q8IZY2	ABCA7
Q8N0X7	SPART
Q8N0Z3	SPICE1
Q8N108	MIER1
Q8N111	CEND1
Q8N118	CYP4X1
Q8N140	EID3
Q8N157	AHI1
Q8N163	CCAR2
Q8N1B4	VPS52
Q8N1G0	ZNF687
Q8N1G1	REXO1
Q8N1I8	CACTIN-AS1
Q8N1K5	THEMIS
Q8N1Q1	CA13
Q8N1T3	MYO1H
Q8N1V2	CFAP52
Q8N257	H2BC26
Q8N264	ARHGAP24
Q8N283	ANKRD35
Q8N2C7	UNC80
Q8N2E2	VWDE
Q8N2H3	PYROXD2
Q8N3P4	VPS8
Q8N3R3	TCAIM
Q8N3U4	STAG2
Q8N446	ZNF843
Q8N4C8	MINK1
Q8N4H5	TOMM5
Q8N4N3	KLHL36
Q8N4Q1	CHCHD4
Q8N4T4	ARHGEF39
Q8N573	OXR1
Q8N5P1	ZC3H8
Q8N5R6	CCDC33
Q8N5U0	C11orf42
Q8N5W8	FAM24B
Q8N5Y8	PARP16
Q8N608	DPP10
Q8N6C5	IGSF1
Q8N6H7	ARFGAP2
Q8N6M5	ALLC
Q8N6Q1	TMCO5A
Q8N6T0	TOP6BL
Q8N6T7	SIRT6
Q8N7K0	ZNF433
Q8N7R7	CCNYL1
Q8N7Z5	ANKRD31
Q8N806	UBR7
Q8N8Q9	NIPA2
Q8N8R5	C2orf69
Q8N8V2	GBP7
Q8N8Z6	DCBLD1
Q8N957	ANKFN1
Q8N960	CEP120
Q8N998	CCDC89
Q8N9H8	EXD3
Q8N9H9	C1orf127
Q8N9T2	NKAPP1
Q8N9W4	GOLGA6L2
Q8N9Z2	CCDC71L
Q8NAT2	TDRD5
Q8NB25	FAM184A
Q8NB46	ANKRD52
Q8NB59	SYT14
Q8NB91	FANCB
Q8NBB4	ZSCAN1
Q8NBJ5	COLGALT1
Q8NBS9	TXNDC5
Q8NBV4	PLPP7
Q8NC51	SERBP1
Q8NC60	NOA1
Q8NC67	NETO2
Q8NCE0	TSEN2
Q8NCN4	RNF169
Q8NCU4	CCDC191
Q8NCX0	CCDC150
Q8ND04	SMG8
Q8ND24	RNF214
Q8ND71	GIMAP8
Q8NDH2	CCDC168
Q8NDI1	EHBP1
Q8NDV3	SMC1B
Q8NDV7	TNRC6A
Q8NDW4	ZNF248
Q8NDW8	TTC21A
Q8NDX6	ZNF740
Q8NE71	ABCF1
Q8NEE8	TTC16
Q8NEG4	FAM83F
Q8NEK5	ZNF548
Q8NEM8	AGBL3
Q8NES3	LFNG
Q8NEY1	NAV1
Q8NEY8	PPHLN1
Q8NEZ5	FBXO22
Q8NF91	SYNE1
Q8NFP9	NBEA
Q8NFQ5	BPIFB6
Q8NFU7	TET1
Q8NFW8	CMAS
Q8NG81	OR2M7
Q8NGG2	OR5T2
Q8NGI0	OR52N2
Q8NGQ1	OR9G4
Q8NGR3	OR1K1
Q8NGW6	OR6K6
Q8NHB8	OR5K2
Q8NHC7	OR14C36
Q8NHP7	EXD1
Q8NHU6	TDRD7
Q8NHY0	B4GALNT2
Q8NHY2	COP1
Q8NI36	WDR36
Q8NI77	KIF18A
Q8TAL5	C9orf43
Q8TAV3	CYP2W1
Q8TAY7	FAM110D
Q8TB37	NUBPL
Q8TBB1	LNX1
Q8TBY0	RBM46
Q8TBY8	PMFBP1
Q8TBZ0	CCDC110
Q8TBZ5	ZNF502
Q8TC07	TBC1D15
Q8TC21	ZNF596
Q8TC41	RNF217
Q8TC84	FANK1
Q8TC90	CCER1
Q8TCT9	HM13
Q8TCX5	RHPN1
Q8TD31	CCHCR1
Q8TD55	PLEKHO2
Q8TD57	DNAH3
Q8TDB6	DTX3L
Q8TDG4	HELQ
Q8TDJ6	DMXL2
Q8TDM6	DLG5
Q8TDN2	KCNV2
Q8TDV5	GPR119
Q8TDW0	LRRC8C
Q8TDW5	SYTL5
Q8TDX6	CSGALNACT1
Q8TDX9	PKD1L1
Q8TDY4	ASAP3
Q8TE59	ADAMTS19
Q8TE67	EPS8L3
Q8TE76	MORC4
Q8TED0	UTP15
Q8TED9	AFAP1L1
Q8TEM1	NUP210
Q8TEQ0	SNX29
Q8TEW8	PARD3B
Q8TEX9	IPO4
Q8TEY7	USP33
Q8TF17	SH3TC2
Q8TF64	GIPC3
Q8WU90	ZC3H15
Q8WUM0	NUP133
Q8WUM4	PDCD6IP
Q8WUM9	SLC20A1
Q8WUP2	FBLIM1
Q8WUX1	SLC38A5
Q8WVJ2	NUDCD2
Q8WVM8	SCFD1
Q8WVR3	TRAPPC14
Q8WVV9	HNRNPLL
Q8WVX9	FAR1
Q8WW12	PCNP
Q8WWA1	TMEM40
Q8WWH4	ASZ1
Q8WWI5	SLC44A1
Q8WWL2	SPIRE2
Q8WWL7	CCNB3
Q8WWN8	ARAP3
Q8WWQ8	STAB2
Q8WWY6	MBD3L1
Q8WWZ1	IL1F10
Q8WWZ3	EDARADD
Q8WWZ7	ABCA5
Q8WXA8	HTR3C
Q8WXE0	CASKIN2
Q8WXG9	ADGRV1
Q8WXH0	SYNE2
Q8WXI7	MUC16
Q8WXR4	MYO3B
Q8WXU2	DNAAF4
Q8WXX7	AUTS2
Q8WYA0	IFT81
Q8WYH8	ING5
Q8WYP3	RIN2
Q8WZ42	TTN
Q8WZ60	KLHL6
Q8WZ73	RFFL
Q92187	ST8SIA4
Q92478	CLEC2B
Q92499	DDX1
Q92503	SEC14L1
Q92504	SLC39A7
Q92520	FAM3C
Q92522	H1-10
Q92542	NCSTN
Q92552	MRPS27
Q92561	PHYHIP
Q92565	RAPGEF5
Q92576	PHF3
Q92598	HSPH1
Q92600	CNOT9
Q92608	DOCK2
Q92616	GCN1
Q92618	ZNF516
Q92621	NUP205
Q92625	ANKS1A
Q92630	DYRK2
Q92685	ALG3
Q92688	ANP32B
Q92734	TFG
Q92736	RYR2
Q92738	USP6NL
Q92765	FRZB
Q92769	HDAC2
Q92791	P3H4
Q92793	CREBBP
Q92804	TAF15
Q92823	NRCAM
Q92824	PCSK5
Q92832	NELL1
Q92839	HAS1
Q92841	DDX17
Q92882	OSTF1
Q92900	UPF1
Q92914	FGF11
Q92930	RAB8B
Q92945	KHSRP
Q92954	PRG4
Q92973	TNPO1
Q92974	ARHGEF2
Q92994	BRF1
Q93008	USP9X
Q93045	STMN2
Q93073	SECISBP2L
Q93074	MED12
Q93077	H2AC6
Q95365	HLA-B
Q969E2	SCAMP4
Q969F0	FATE1
Q969G9	NKD1
Q969H8	MYDGF
Q969Q0	RPL36AL
Q969S3	ZNF622
Q969T3	SNX21
Q969V4	TEKT1
Q969W0	SPTSSA
Q96A35	MRPL24
Q96A54	ADIPOR1
Q96A70	AZIN2
Q96A73	KIAA1191
Q96AD5	PNPLA2
Q96AE4	FUBP1
Q96AE7	TTC17
Q96AG4	LRRC59
Q96AJ9	VTI1A
Q96AX1	VPS33A
Q96B97	SH3KBP1
Q96BJ8	ELMO3
Q96BN6	FAM149B1
Q96BT1	C3orf49
Q96BY6	DOCK10
Q96C19	EFHD2
Q96C24	SYTL4
Q96C45	ULK4
Q96CN9	GCC1
Q96CQ1	SLC25A36
Q96CT7	CCDC124
Q96DB5	RMDN1
Q96DC9	OTUB2
Q96DE5	ANAPC16
Q96DL1	NXPE2
Q96DM1	PGBD4
Q96DN5	TBC1D31
Q96DY2	IQCD
Q96DZ1	ERLEC1
Q96EB6	SIRT1
Q96EK5	KIFBP
Q96EN9	REX1BD
Q96EP1	CHFR
Q96EP5	DAZAP1
Q96F46	IL17RA
Q96F81	DISP1
Q96FE5	LINGO1
Q96FJ2	DYNLL2
Q96FM1	PGAP3
Q96FW1	OTUB1
Q96FX7	TRMT61A
Q96G27	WBP1
Q96GM5	SMARCD1
Q96GQ5	RUSF1
Q96GR2	ACSBG1
Q96HA4	C1orf159
Q96HP0	DOCK6
Q96HQ0	ZNF419
Q96IC2	REXO5
Q96ID5	IGSF21
Q96IZ0	PAWR
Q96IZ2	ADTRP
Q96J66	ABCC11
Q96JB1	DNAH8
Q96JB5	CDK5RAP3
Q96JC1	VPS39
Q96JH7	VCPIP1
Q96JM2	ZNF462
Q96JM7	L3MBTL3
Q96JZ2	HSH2D
Q96K78	ADGRG7
Q96KG7	MEGF10
Q96KG9	SCYL1
Q96KK3	KCNS1
Q96KN7	RPGRIP1
Q96KP4	CNDP2
Q96KR1	ZFR
Q96KR4	LMLN
Q96L12	CALR3
Q96L42	KCNH8
Q96L58	B3GALT6
Q96L73	NSD1
Q96L96	ALPK3
Q96LB8	PGLYRP4
Q96LI9	CXorf58
Q96LW1	ZNF354B
Q96LW4	PRIMPOL
Q96LX7	CCDC17
Q96LY2	CCDC74B
Q96M20	CNBD2
Q96MB7	HARBI1
Q96MC2	DRC1
Q96MF7	NSMCE2
Q96MI9	AGBL1
Q96MU6	ZNF778
Q96MW7	TIGD1
Q96N06	SPATA33
Q96N23	CFAP54
Q96N53	PRDM10-DT
Q96N76	UROC1
Q96NG8	ZNF582
Q96NL3	ZNF599
Q96NN9	AIFM3
Q96NY7	CLIC6
Q96P11	NSUN5
Q96P48	ARAP1
Q96P63	SERPINB12
Q96PD4	IL17F
Q96PE6	ZIM3
Q96PE7	MCEE
Q96PK6	RBM14
Q96PL1	SCGB3A2
Q96PQ0	SORCS2
Q96PQ6	ZNF317
Q96PV0	SYNGAP1
Q96PV6	LENG8
Q96PX8	SLITRK1
Q96Q04	LMTK3
Q96Q15	SMG1
Q96Q35	FLACC1
Q96QB1	DLC1
Q96QD8	SLC38A2
Q96QE3	ATAD5
Q96QH2	PRAM1
Q96RG2	PASK
Q96RJ0	TAAR1
Q96RK0	CIC
Q96RL7	VPS13A
Q96RS0	TGS1
Q96RT7	TUBGCP6
Q96RU8	TRIB1
Q96RV3	PCNX1
Q96S06	LMF1
Q96S90	LYSMD1
Q96SB4	SRPK1
Q96SB8	SMC6
Q96SI9	STRBP
Q96T23	RSF1
Q96T37	RBM15
Q96TC7	RMDN3
Q99426	TBCB
Q99436	PSMB7
Q99439	CNN2
Q99490	AGAP2
Q99497	PARK7
Q99502	EYA1
Q99536	VAT1
Q99541	PLIN2
Q99613	EIF3C
Q99614	TTC1
Q99616	CCL13
Q99623	PHB2
Q99650	OSMR
Q99661	KIF2C
Q99675	CGRRF1
Q99683	MAP3K5
Q99707	MTR
Q99714	HSD17B10
Q99715	COL12A1
Q99729	HNRNPAB
Q99733	NAP1L4
Q99758	ABCA3
Q99784	OLFM1
Q99798	ACO2
Q99814	EPAS1
Q99829	CPNE1
Q99832	CCT7
Q99873	PRMT1
Q99878	H2AC14
Q99880	H2BC13
Q99952	PTPN18
Q99961	SH3GL1
Q99999	GAL3ST1
Q9BPU6	DPYSL5
Q9BPW5	RASL11B
Q9BPX3	NCAPG
Q9BQ67	GRWD1
Q9BQ75	CMSS1
Q9BQC6	MRPL57
Q9BQI6	SLF1
Q9BQI7	PSD2
Q9BQS7	HEPH
Q9BQS8	FYCO1
Q9BQT9	CLSTN3
Q9BRA2	TXNDC17
Q9BRK3	MXRA8
Q9BRP0	OVOL2
Q9BRS8	LARP6
Q9BS26	ERP44
Q9BSA4	TTYH2
Q9BSC4	NOL10
Q9BSG1	ZNF2
Q9BSH3	NICN1
Q9BSJ2	TUBGCP2
Q9BSW2	CRACR2A
Q9BT92	TCHP
Q9BTC0	DIDO1
Q9BTD3	TMEM121
Q9BTF0	THUMPD2
Q9BTT0	ANP32E
Q9BU19	ZNF692
Q9BUG6	ZSCAN5A
Q9BUH6	PAXX
Q9BUK6	MSTO1
Q9BUQ8	DDX23
Q9BUY7	EFCAB11
Q9BV40	VAMP8
Q9BV57	ADI1
Q9BVC6	TMEM109
Q9BVG4	PBDC1
Q9BVK6	TMED9
Q9BW19	KIFC1
Q9BW30	TPPP3
Q9BW85	YJU2
Q9BWD1	ACAT2
Q9BWT7	CARD10
Q9BWW7	SCRT1
Q9BWW8	APOL6
Q9BX26	SYCP2
Q9BX82	ZNF471
Q9BX84	TRPM6
Q9BX95	SGPP1
Q9BXC9	BBS2
Q9BXF3	CECR2
Q9BXH1	BBC3
Q9BXJ1	C1QTNF1
Q9BXJ9	NAA15
Q9BXP5	SRRT
Q9BXT2	CACNG6
Q9BXT4	TDRD1
Q9BXU1	STK31
Q9BXX2	ANKRD30B
Q9BXX3	ANKRD30A
Q9BXY4	RSPO3
Q9BY11	PACSIN1
Q9BY32	ITPA
Q9BY49	PECR
Q9BY50	SEC11C
Q9BY77	POLDIP3
Q9BY89	KIAA1671
Q9BYD1	MRPL13
Q9BYN7	ZNF341
Q9BYW2	SETD2
Q9BYX4	IFIH1
Q9BYX7	POTEKP
Q9BZ23	PANK2
Q9BZF3	OSBPL6
Q9BZF9	UACA
Q9BZH6	WDR11
Q9BZJ0	CRNKL1
Q9BZK7	TBL1XR1
Q9BZM5	ULBP2
Q9BZR9	TRIM8
Q9BZZ5	API5
Q9C000	NLRP1
Q9C026	TRIM9
Q9C035	TRIM5
Q9C091	GREB1L
Q9C0A1	ZFHX2
Q9C0B0	UNK
Q9C0B2	CFAP74
Q9C0B7	TANGO6
Q9C0C7	AMBRA1
Q9C0D2	CEP295
Q9C0D6	FHDC1
Q9C0D7	ZC3H12C
Q9C0H9	SRCIN1
Q9C0I4	THSD7B
Q9C0I9	LRRC27
Q9C0K7	STRADB
Q9GZM3	POLR2J2
Q9GZN8	ADISSP
Q9GZR1	SENP6
Q9GZR7	DDX24
Q9GZS3	SKIC8
Q9GZT3	SLIRP
Q9GZW5	SCAND2P
Q9GZZ1	NAA50
Q9H091	ZMYND15
Q9H0A0	NAT10
Q9H0C2	SLC25A31
Q9H0D6	XRN2
Q9H0E7	USP44
Q9H0G5	NSRP1
Q9H0J4	QRICH2
Q9H0M5	ZNF700
Q9H0P0	NT5C3A
Q9H0R6	QRSL1
Q9H1E3	NUCKS1
Q9H1J1	UPF3A
Q9H1J5	WNT8A
Q9H1K0	RBSN
Q9H254	SPTBN4
Q9H267	VPS33B
Q9H299	SH3BGRL3
Q9H2A7	CXCL16
Q9H2C0	GAN
Q9H2J1	ARRDC1-AS1
Q9H2K2	TNKS2
Q9H2X9	SLC12A5
Q9H306	MMP27
Q9H307	PNN
Q9H3D4	TP63
Q9H3K6	BOLA2
Q9H3K6	BOLA2B
Q9H3Q3	GAL3ST2
Q9H3R0	KDM4C
Q9H3U1	UNC45A
Q9H3U7	SMOC2
Q9H3W5	LRRN3
Q9H444	CHMP4B
Q9H4A4	RNPEP
Q9H4E7	DEF6
Q9H4H8	FAM83D
Q9H4P4	RNF41
Q9H501	ESF1
Q9H579	MROH8
Q9H583	HEATR1
Q9H5I1	SUV39H2
Q9H5P4	PDZD7
Q9H5U6	ZCCHC4
Q9H668	STN1
Q9H6A9	PCNX3
Q9H6F5	CCDC86
Q9H6Q4	CIAO3
Q9H6R0	DHX33
Q9H6X2	ANTXR1
Q9H772	GREM2
Q9H799	CPLANE1
Q9H7F0	ATP13A3
Q9H7H0	METTL17
Q9H7L9	SUDS3
Q9H7M6	ZSWIM4
Q9H7P9	PLEKHG2
Q9H7R5	ZNF665
Q9H7U1	CCSER2
Q9H825	METTL8
Q9H857	NT5DC2
Q9H8E8	KAT14
Q9H8H2	DDX31
Q9H8S9	MOB1A
Q9H8Y5	ANKZF1
Q9H8Y8	GORASP2
Q9H920	RNF121
Q9H9C1	VIPAS39
Q9HAH1	ZNF556
Q9HAH7	FBRS
Q9HAT2	SIAE
Q9HAU0	PLEKHA5
Q9HAV0	GNB4
Q9HAV7	GRPEL1
Q9HAW4	CLSPN
Q9HAZ2	PRDM16
Q9HB19	PLEKHA2
Q9HB29	IL1RL2
Q9HB55	CYP3A43
Q9HB71	CACYBP
Q9HB75	PIDD1
Q9HBG6	IFT122
Q9HBI1	PARVB
Q9HBL0	TNS1
Q9HC10	OTOF
Q9HC38	GLOD4
Q9HC62	SENP2
Q9HCC0	MCCC2
Q9HCC8	GDPD2
Q9HCJ5	ZSWIM6
Q9HCM2	PLXNA4
Q9HCM7	FBRSL1
Q9HCU9	BRMS1
Q9HD20	ATP13A1
Q9HD67	MYO10
Q9HDC9	APMAP
Q9NP60	IL1RAPL2
Q9NP73	ALG13
Q9NP85	NPHS2
Q9NP97	DYNLRB1
Q9NPA2	MMP25
Q9NPA8	ENY2
Q9NPB8	GPCPD1
Q9NPH9	IL26
Q9NPL8	TIMMDC1
Q9NPR9	GPR108
Q9NPY3	CD93
Q9NQ35	NRIP3
Q9NQ48	LZTFL1
Q9NQ55	PPAN
Q9NQ89	FERRY3
Q9NQC3	RTN4
Q9NQG5	RPRD1B
Q9NQN1	OR2S2
Q9NQP4	PFDN4
Q9NQR4	NIT2
Q9NQR7	CCDC177
Q9NQT8	KIF13B
Q9NQU5	PAK6
Q9NQV6	PRDM10
Q9NQW1	SEC31B
Q9NQW7	XPNPEP1
Q9NQW8	CNGB3
Q9NQX0	PRDM6
Q9NR09	BIRC6
Q9NR20	DYRK4
Q9NR30	DDX21
Q9NR31	SAR1A
Q9NR45	NANS
Q9NR63	CYP26B1
Q9NR99	MXRA5
Q9NRA1	PDGFC
Q9NRA2	SLC17A5
Q9NRC1	ST7
Q9NRF8	CTPS2
Q9NRH2	SNRK
Q9NRL2	BAZ1A
Q9NRM0	SLC2A9
Q9NRS6	SNX15
Q9NS56	TOPORS
Q9NSC7	ST6GALNAC1
Q9NSD9	FARSB
Q9NSE4	IARS2
Q9NSI6	BRWD1
Q9NTG1	PKDREJ
Q9NTJ3	SMC4
Q9NTK5	OLA1
Q9NTZ6	RBM12
Q9NU22	MDN1
Q9NUA8	ZBTB40
Q9NUD5	ZCCHC3
Q9NUL3	STAU2
Q9NUN5	LMBRD1
Q9NUQ2	AGPAT5
Q9NUQ7	UFSP2
Q9NUQ9	CYRIB
Q9NUU7	DDX19A
Q9NVD3	SETD4
Q9NVD7	PARVA
Q9NVE7	PANK4
Q9NVH1	DNAJC11
Q9NVI7	ATAD3A
Q9NVJ2	ARL8B
Q9NVN8	GNL3L
Q9NVP1	DDX18
Q9NVR2	INTS10
Q9NVW2	RLIM
Q9NW15	ANO10
Q9NW64	RBM22
Q9NWH9	SLTM
Q9NWS1	PARPBP
Q9NWS8	RMND1
Q9NWS9	ZNF446
Q9NWX5	ASB6
Q9NX02	NLRP2
Q9NX14	NDUFB11
Q9NX24	NHP2
Q9NX58	LYAR
Q9NX63	CHCHD3
Q9NX78	TMEM260
Q9NXG0	CNTLN
Q9NXP7	GIN1
Q9NY47	CACNA2D2
Q9NY74	ETAA1
Q9NY99	SNTG2
Q9NYA4	MTMR4
Q9NYB0	TERF2IP
Q9NYC9	DNAH9
Q9NYD6	HOXC10
Q9NYF8	BCLAF1
Q9NYL9	TMOD3
Q9NYQ8	FAT2
Q9NYV4	CDK12
Q9NZ52	GGA3
Q9NZ71	RTEL1
Q9NZ94	NLGN3
Q9NZI8	IGF2BP1
Q9NZL6	RGL1
Q9NZN9	AIPL1
Q9NZQ7	CD274
Q9NZR2	LRP1B
Q9NZU7	CABP1
Q9NZV8	KCND2
Q9NZZ3	CHMP5
Q9P013	CWC15
Q9P055	JKAMP
Q9P0G3	KLK14
Q9P0L0	VAPA
Q9P0L1	ZKSCAN7
Q9P0L2	MARK1
Q9P0M4	IL17C
Q9P0M9	MRPL27
Q9P126	CLEC1B
Q9P1F3	ABRACL
Q9P1U1	ACTR3B
Q9P1V8	SAMD15
Q9P1Y5	CAMSAP3
Q9P1Z0	ZBTB4
Q9P1Z9	CCDC180
Q9P206	NHSL3
Q9P225	DNAH2
Q9P243	ZFAT
Q9P258	RCC2
Q9P281	BAHCC1
Q9P287	BCCIP
Q9P2B2	PTGFRN
Q9P2D1	CHD7
Q9P2E7	PCDH10
Q9P2E9	RRBP1
Q9P2F6	ARHGAP20
Q9P2I0	CPSF2
Q9P2J3	KLHL9
Q9P2N2	ARHGAP28
Q9P2N5	RBM27
Q9P2P5	HECW2
Q9P2S2	NRXN2
Q9P2Y5	UVRAG
Q9UBB9	TFIP11
Q9UBE0	SAE1
Q9UBF1	MAGEC2
Q9UBF2	COPG2
Q9UBG3	CRNN
Q9UBJ2	ABCD2
Q9UBL6	CPNE7
Q9UBM8	MGAT4C
Q9UBN4	TRPC4
Q9UBQ5	EIF3K
Q9UBR2	CTSZ
Q9UBS3	DNAJB9
Q9UBT2	UBA2
Q9UBU9	NXF1
Q9UBW7	ZMYM2
Q9UBZ9	REV1
Q9UDV6	ZNF212
Q9UDY4	DNAJB4
Q9UEW3	MARCO
Q9UF12	PRODH2
Q9UFB7	ZBTB47
Q9UFD9	RIMBP3
Q9UFE4	CCDC39
Q9UG01	IFT172
Q9UG56	PISD
Q9UGI8	TES
Q9UGN5	PARP2
Q9UH92	MLX
Q9UHB4	NDOR1
Q9UHC1	MLH3
Q9UHI5	SLC7A8
Q9UHK6	AMACR
Q9UHL9	GTF2IRD1
Q9UHP3	USP25
Q9UHQ7	TCEAL9
Q9UHV9	PFDN2
Q9UHY1	NRBP1
Q9UI12	ATP6V1H
Q9UI33	SCN11A
Q9UI46	DNAI1
Q9UIF3	TEKT2
Q9UIF8	BAZ2B
Q9UIG0	BAZ1B
Q9UII2	ATP5IF1
Q9UIL4	KIF25
Q9UJ55	MAGEL2
Q9UJ96	KCNG2
Q9UJC3	HOOK1
Q9UJM8	HAO1
Q9UJS0	SLC25A13
Q9UJU3	ZNF112
Q9UJU6	DBNL
Q9UJV9	DDX41
Q9UJZ1	STOML2
Q9UK58	CCNL1
Q9UK73	FEM1B
Q9UK76	JPT1
Q9UK96	FBXO10
Q9UKA4	AKAP11
Q9UKA9	PTBP2
Q9UKE5	TNIK
Q9UKF6	CPSF3
Q9UKL3	CASP8AP2
Q9UKM9	RALY
Q9UKN7	MYO15A
Q9UKN8	GTF3C4
Q9UKP4	ADAMTS7
Q9UKQ2	ADAM28
Q9UKT4	FBXO5
Q9UKU0	ACSL6
Q9UKV3	ACIN1
Q9UKY7	CDV3
Q9UL46	PSME2
Q9UL52	TMPRSS11E
Q9UL54	TAOK2
Q9UL63	MKLN1
Q9ULB4	CDH9
Q9ULB5	CDH7
Q9ULD5	ZNF777
Q9ULD9	ZNF608
Q9ULE4	FAM184B
Q9ULI1	NWD2
Q9ULI4	KIF26A
Q9ULK2	ATXN7L1
Q9ULL1	PLEKHG1
Q9ULM2	ZNF490
Q9ULR5	PAIP2B
Q9ULS6	KCNS2
Q9ULT8	HECTD1
Q9ULV0	MYO5B
Q9ULV4	CORO1C
Q9ULW0	TPX2
Q9ULW3	ABT1
Q9ULZ2	STAP1
Q9ULZ3	PYCARD
Q9UM54	MYO6
Q9UM82	SPATA2
Q9UMN6	KMT2B
Q9UMQ6	CAPN11
Q9UMR5	PPT2
Q9UMS4	PRPF19
Q9UMX0	UBQLN1
Q9UMX5	NENF
Q9UMY4	SNX12
Q9UMZ3	PTPRQ
Q9UN42	ATP1B4
Q9UN67	PCDHB10
Q9UN86	G3BP2
Q9UNF0	PACSIN2
Q9UNL2	SSR3
Q9UNM6	PSMD13
Q9UNZ2	NSFL1C
Q9UP52	TFR2
Q9UP65	PLA2G4C
Q9UPN3	MACF1
Q9UPN4	CEP131
Q9UPP5	BTBD8
Q9UPQ9	TNRC6B
Q9UPR0	PLCL2
Q9UPS6	SETD1B
Q9UPU5	USP24
Q9UPV0	CEP164
Q9UPZ9	CILK1
Q9UQ35	SRRM2
Q9UQ80	PA2G4
Q9UQ90	SPG7
Q9UQB3	CTNND2
Q9UQL6	HDAC5
Q9UQQ1	NAALADL1
Q9Y224	RTRAF
Q9Y230	RUVBL2
Q9Y236	OSGIN2
Q9Y239	NOD1
Q9Y250	LZTS1
Q9Y262	EIF3L
Q9Y263	PLAA
Q9Y265	RUVBL1
Q9Y266	NUDC
Q9Y275	TNFSF13B
Q9Y277	VDAC3
Q9Y278	HS3ST2
Q9Y285	FARSA
Q9Y295	DRG1
Q9Y2C9	TLR6
Q9Y2D4	EXOC6B
Q9Y2D5	PALM2AKAP2
Q9Y2G0	EFR3B
Q9Y2G3	ATP11B
Q9Y2G9	SBNO2
Q9Y2I6	NINL
Q9Y2K5	R3HDM2
Q9Y2L1	DIS3
Q9Y2L5	TRAPPC8
Q9Y2Q3	GSTK1
Q9Y2S2	CRYL1
Q9Y2S6	TMA7
Q9Y2U5	MAP3K2
Q9Y2U8	LEMD3
Q9Y2W1	THRAP3
Q9Y2W2	WBP11
Q9Y2X3	NOP58
Q9Y2Z0	SUGT1
Q9Y305	ACOT9
Q9Y333	LSM2
Q9Y334	VWA7
Q9Y371	SH3GLB1
Q9Y383	LUC7L2
Q9Y3A0	COQ4
Q9Y3A5	SBDS
Q9Y3B4	SF3B6
Q9Y3B8	REXO2
Q9Y3C6	PPIL1
Q9Y3F4	STRAP
Q9Y3I0	RTCB
Q9Y3L3	SH3BP1
Q9Y3R5	DOP1B
Q9Y490	TLN1
Q9Y4C8	RBM19
Q9Y4D7	PLXND1
Q9Y4F9	RIPOR2
Q9Y4G6	TLN2
Q9Y4I1	MYO5A
Q9Y4K1	CRYBG1
Q9Y4L1	HYOU1
Q9Y4W6	AFG3L2
Q9Y520	PRRC2C
Q9Y566	SHANK1
Q9Y575	ASB3
Q9Y577	TRIM17
Q9Y5B0	CTDP1
Q9Y5B9	SUPT16H
Q9Y5H1	PCDHGA2
Q9Y5H4	PCDHGA1
Q9Y5H7	PCDHA5
Q9Y5H8	PCDHA3
Q9Y5I3	PCDHA1
Q9Y5J1	UTP18
Q9Y5K5	UCHL5
Q9Y5L4	TIMM13
Q9Y5R6	DMRT1
Q9Y5S9	RBM8A
Q9Y5X2	SNX8
Q9Y617	PSAT1
Q9Y639	NPTN
Q9Y653	ADGRG1
Q9Y678	COPG1
Q9Y693	LHFPL6
Q9Y696	CLIC4
Q9Y6A2	CYP46A1
Q9Y6C2	EMILIN1
Q9Y6C5	PTCH2
Q9Y6D6	ARFGEF1
Q9Y6E2	BZW2
Q9Y6F8	CDY1
Q9Y6F8	CDY1B
Q9Y6H5	SNCAIP
Q9Y6I0	ERVK-6
Q9Y6M7	SLC4A7
Q9Y6N5	SQOR
Q9Y6R9	CCDC61
Q9Y6U7	RNF215
Q9Y6W6	DUSP10
Q9Y6X6	MYO16
Q9Y6Z7	COLEC10
